"dest_ip",destIpAllLeases
"10.108.19.110",
"10.109.252.39",
"10.7.248.120",
"10.7.248.121",
"10.7.248.131",
"10.7.248.141",
"10.7.248.145",
"10.7.248.148",
"10.7.248.155",
"10.7.248.160",
"10.7.248.163",
"10.7.248.164",
"10.7.248.165",
"10.7.248.166",
"10.7.248.168",
"10.7.248.169",
"10.7.248.17",
"10.7.248.170",
"10.7.248.171",
"10.7.248.172",
"10.7.248.173",
"10.7.248.174",
"10.7.248.176",
"10.7.248.177",
"10.7.248.178",
"10.7.248.179",
"10.7.248.18",
"10.7.248.180",
"10.7.248.184",
"10.7.248.185",
"10.7.248.186",
"10.7.248.188",
"10.7.248.189",
"10.7.248.19",
"10.7.248.195",
"10.7.248.198",
"10.7.248.209",
"10.7.248.219",
"10.7.248.220",
"10.7.248.222",
"10.7.248.226",
"10.7.248.227",
"10.7.248.23",
"10.7.248.231",
"10.7.248.26",
"10.7.248.27",
"10.7.248.31",
"10.7.248.32",
"10.7.248.35",
"10.7.248.41",
"10.7.248.46",
"10.7.248.47",
"10.7.248.48",
"10.7.248.49",
"10.7.248.50",
"10.7.248.51",
"10.7.248.52",
"10.7.248.53",
"10.7.248.54",
"10.7.248.55",
"10.7.248.56",
"10.7.248.57",
"10.7.248.58",
"10.7.248.59",
"10.7.248.60",
"10.7.248.61",
"10.7.248.62",
"10.7.248.63",
"10.7.248.64",
"10.7.248.65",
"10.7.248.66",
"10.7.248.67",
"10.7.248.69",
"10.7.248.72",
"10.7.248.73",
"10.7.248.76",
"10.77.51.101",
"10.77.51.106",
"10.81.101.82",
"10.81.101.84",
"10.81.104.112",
"10.81.119.175",
"10.81.119.179",
"10.81.121.58",
"10.81.136.128",
"10.81.136.134",
"10.81.14.19",
"10.81.15.108",
"10.81.15.35",
"10.81.153.209",
"10.81.158.19",
"10.81.158.21",
"10.81.158.22",
"10.81.168.24",
"10.81.168.88",
"10.81.180.251",
"10.81.197.18",
"10.81.212.37",
"10.81.216.40",
"10.81.216.43",
"10.81.216.67",
"10.81.216.68",
"10.81.232.207",
"10.81.232.209",
"10.81.232.215",
"10.81.232.217",
"10.81.232.219",
"10.81.232.220",
"10.81.232.222",
"10.81.232.240",
"10.81.232.244",
"10.81.232.252",
"10.81.232.253",
"10.81.236.104",
"10.81.236.113",
"10.81.236.118",
"10.81.236.128",
"10.81.236.133",
"10.81.236.141",
"10.81.236.149",
"10.81.236.165",
"10.81.236.167",
"10.81.236.170",
"10.81.236.176",
"10.81.236.180",
"10.81.236.188",
"10.81.236.192",
"10.81.236.197",
"10.81.236.201",
"10.81.236.204",
"10.81.236.208",
"10.81.236.235",
"10.81.236.236",
"10.81.236.241",
"10.81.236.30",
"10.81.237.12",
"10.81.237.19",
"10.81.237.23",
"10.81.237.26",
"10.81.237.27",
"10.81.237.34",
"10.81.237.38",
"10.81.237.46",
"10.81.237.47",
"10.81.237.48",
"10.81.237.55",
"10.81.237.63",
"10.81.237.7",
"10.81.237.74",
"10.81.237.79",
"10.81.237.84",
"10.81.237.86",
"10.81.237.87",
"10.81.239.20",
"10.81.242.35",
"10.81.28.133",
"10.81.28.136",
"10.81.29.60",
"10.81.40.19",
"10.81.57.144",
"10.81.60.16",
"10.81.60.17",
"10.81.72.112",
"10.81.8.102",
